Título,Empresa,Localização,Salário,Tipo de Contratação,Modalidade,Link
Analista De Planejamento Sênior Bilíngue (PT | IN),PLURAL RH,"São Paulo - SP, a 93,3 Km de você.",Não informado,Não informado,Não informado,https://www.infojobs.com.br/vaga-de-analista-planejamento-senior-bilingue-pt-in-em-sao-paulo__10843839.aspx
Analista De Planejamento Sênior - Call Center,Apex América Brasil,"São Paulo - SP, a 86,9 Km de você.",Não informado,Não informado,Não informado,https://www.infojobs.com.br/vaga-de-analista-planejamento-senior-call-center-em-sao-paulo__10805027.aspx
Desenvolvedor C# Senior,RHF TALENTOS - Av Paulista/SP,"São Paulo - SP, a 84,5 Km de você.",Não informado,Não informado,Não informado,https://www.infojobs.com.br/vaga-de-desenvolvedor-c-senior-em-sao-paulo__10771506.aspx
Analista Desenvolvedor Júnior,Genter Serviços,"São Paulo - SP, a 75,5 Km de você.",Não informado,"Vaga: Desenvolvedor(a) Júnior Local: Tatuapé – São Paulo/SP (presencial, híbrido ou remoto) Regime: PJ Missão do Cargo: • Apoiar a equipe de de...",Não informado,https://www.infojobs.com.br/vaga-de-analista-desenvolvedor-junior-em-sao-paulo__10836214.aspx
Analista Financeiro Senior,Prompt Empregos,"São Paulo - SP, a 85,5 Km de você.",Não informado,Não informado,?? **VAGA EFETIVA – ANALISTA FINANCEIRO SÊNIOR** ?? **Local:** Região dos Jardins – São Paulo/SP ?? **Tipo de Vaga:** Efetiva | Presencial ?? **S...,https://www.infojobs.com.br/vaga-de-analista-financeiro-senior-em-sao-paulo__10798729.aspx
Backend Engineer,FERNANDA RODRIGUES DE OLIVEIRA,"Nova Santa Rita - RS, a 907,2 Km de você.",Não informado,Não informado,Não informado,https://www.infojobs.com.br/vaga-de-backend-engineer-em-rio-grande-do-sul__10844424.aspx
Analista De BI Júnior,NHG TECH E SOLUCOES S.A.,"Curitiba - PR, a 417,2 Km de você.",Não informado,Não informado,Não informado,https://www.infojobs.com.br/vaga-de-analista-bi-junior-em-parana__10768458.aspx
Analista De Planejamento Sênior Bilíngue (PT | IN),PLURAL RH,"São Paulo - SP, a 93,3 Km de você.",Não informado,Não informado,Não informado,https://www.infojobs.com.br/vaga-de-analista-planejamento-senior-bilingue-pt-in-em-sao-paulo__10843839.aspx
Analista De Planejamento Sênior - Call Center,Apex América Brasil,"São Paulo - SP, a 86,9 Km de você.",Não informado,Não informado,Não informado,https://www.infojobs.com.br/vaga-de-analista-planejamento-senior-call-center-em-sao-paulo__10805027.aspx
Desenvolvedor C# Senior,RHF TALENTOS - Av Paulista/SP,"São Paulo - SP, a 84,5 Km de você.",Não informado,Não informado,Não informado,https://www.infojobs.com.br/vaga-de-desenvolvedor-c-senior-em-sao-paulo__10771506.aspx
Analista Desenvolvedor Júnior,Genter Serviços,"São Paulo - SP, a 75,5 Km de você.",Não informado,"Vaga: Desenvolvedor(a) Júnior Local: Tatuapé – São Paulo/SP (presencial, híbrido ou remoto) Regime: PJ Missão do Cargo: • Apoiar a equipe de de...",Não informado,https://www.infojobs.com.br/vaga-de-analista-desenvolvedor-junior-em-sao-paulo__10836214.aspx
Analista Financeiro Senior,Prompt Empregos,"São Paulo - SP, a 85,5 Km de você.",Não informado,Não informado,?? **VAGA EFETIVA – ANALISTA FINANCEIRO SÊNIOR** ?? **Local:** Região dos Jardins – São Paulo/SP ?? **Tipo de Vaga:** Efetiva | Presencial ?? **S...,https://www.infojobs.com.br/vaga-de-analista-financeiro-senior-em-sao-paulo__10798729.aspx
Backend Engineer,FERNANDA RODRIGUES DE OLIVEIRA,"Nova Santa Rita - RS, a 907,2 Km de você.",Não informado,Não informado,Não informado,https://www.infojobs.com.br/vaga-de-backend-engineer-em-rio-grande-do-sul__10844424.aspx
Analista De BI Júnior,NHG TECH E SOLUCOES S.A.,"Curitiba - PR, a 417,2 Km de você.",Não informado,Não informado,Não informado,https://www.infojobs.com.br/vaga-de-analista-bi-junior-em-parana__10768458.aspx
